{"cameraMode":{"drawMode":0,"name":"Shaded","section":"Shading Mode"},"sceneLighting":true,"audioPlay":false,"sceneViewState":{"showFog":true,"showMaterialUpdate":false,"showSkybox":true,"showFlares":true,"showImageEffects":true,"showParticleSystems":true},"in2DMode":false,"pivot":{"x":1.2186059951782227,"y":-9.05714225769043,"z":18.0068416595459},"rotation":{"x":-0.34406664967536929,"y":-0.022751428186893464,"z":0.008432768285274506,"w":-0.9387581944465637},"size":22.102458953857423,"orthographic":false}